{"Real Sociedad - Osasuna":{"asset_id":"awl0rhy9tjub1quwcquivlgt1","event_label":"Real Sociedad - Osasuna","event_start":"2022-12-31T15:15:00Z","event_end":"2022-12-31T17:30:00Z"},"Villarreal - Valencia":{"asset_id":"17o05yzdn8qpz1ee9047mc5qd5","event_label":"Villarreal - Valencia","event_start":"2022-12-31T15:15:00Z","event_end":"2022-12-31T17:30:00Z"},"Vierschanzentournee | Garmisch-Partenkirchen: Qualifikation":{"asset_id":"1uaiqjjip2z231q0iwwkush9tq","event_label":"Vierschanzentournee | Garmisch-Partenkirchen: Qualifikation","event_start":"2022-12-31T12:50:00Z","event_end":"2022-12-31T14:15:00Z"},"DAZN 1":{"asset_id":"1fdsr7ejoqf861nx99pob95d1f","event_label":"DAZN 1","event_start":"2021-06-09T10:00:00Z","event_end":"3000-01-01T00:00:00Z"},"DAZN 2":{"asset_id":"s78w24xfpvhv19t5un9fwm1vp","event_label":"DAZN 2","event_start":"2021-06-09T10:00:00Z","event_end":"3000-01-01T00:00:00Z"},"NBA TV":{"asset_id":"17d7z91cvcayc10jb152bwjxc1","event_label":"NBA TV","event_start":"2021-12-15T10:00:00Z","event_end":"3000-01-01T00:00:00Z"},"NFL Network":{"asset_id":"n6v5awos3vyc10cfzaw2lg33c","event_label":"NFL Network","event_start":"2021-12-15T10:00:00Z","event_end":"3000-01-01T00:00:00Z"},"Eurosport 1":{"asset_id":"1lgmsk2b5xn7d1uux7vn4noqep","event_label":"Eurosport 1","event_start":"2021-12-15T10:00:00Z","event_end":"3000-01-01T00:00:00Z"},"Eurosport 2":{"asset_id":"1glc8nr85cpa21r4ahv8074dqs","event_label":"Eurosport 2","event_start":"2021-12-15T10:00:00Z","event_end":"3000-01-01T00:00:00Z"},"Unbeaten":{"asset_id":"b71ctvnxs6oc16pwt8gft89rh","event_label":"Unbeaten","event_start":"2022-09-14T14:00:00Z","event_end":"3000-01-01T00:00:00Z"},"Red Bull TV":{"asset_id":"jr1z4369n9otzla9pw6vkht0","event_label":"Red Bull TV","event_start":"2022-01-14T10:00:00Z","event_end":"3000-01-01T00:00:00Z"},"SPORTDIGITAL FUSSBALL":{"asset_id":"x8c9qhmvpi2d1hx8zcg9850bm","event_label":"SPORTDIGITAL FUSSBALL","event_start":"2021-09-17T14:00:00Z","event_end":"3000-01-01T00:00:00Z"},"MLB Network":{"asset_id":"ctxq8bqt815e1eliv1zswqv2t","event_label":"MLB Network","event_start":"2021-12-15T10:00:00Z","event_end":"3000-01-01T00:00:00Z"}}